1$ (Mahé) Le Domaine de Val-des-Prés (Craft Village) fait partie du Patrimoine. Découvrez la culture créole traditionnelle présentée au Domaine de Val-des-Prés. Ou, faites votre propre histoire en vous mariant, au style créole sur cette belle propriété. Le Domaine de Val-des-Prés se compose de cinq attractions mettant en évidence l'architecture créole, les arts et l'artisanat, et la gastronomie: la Maison de Plantation 'Gran Kaz' construite vers 1870; 'La Kaz Rosa' une maison de la classe ouvrière typique du 20e siècle, 12 ateliers d'artisanat qui offrent de l'artisanat local; et enfin; la Maison de Coco, une maison construite avec des produits de noix de coco dans laquelle vous trouverez des cadeaux fabriqués à partir de toutes les choses de noix de coco.
2$ (Mahé) L’Horloge de Victoria est une tour horloge située au milieu de la ville de Victoria, capitale des Seychelles. Elle est érigée au centre d'un rond point où quatre rues se rejoignent : l'avenue de State House, la rue Albert, l'avenue de l'Indépendance et la rue de Francis Rachel. C'est un point de repère familier de la ville. L'Horloge de Victoria est érigée le 1er avril 1903 en mémoire de la reine Victoria, décédée deux ans plus tôt. À l’époque, les Seychelles était une colonie britannique et le gouverneur du pays Ernest Bickham Sweet-Escott (en) voulait mettre en place un monument en mémoire de la reine Victoria. C’était un projet financé partiellement par souscription publique ainsi que par le gouvernement. La somme réunie (10 000 roupies) étant insuffisant, le gouverneur a alors proposé de construire l’horloge, ce qui a été approuvé lors d’une réunion publique. L'horloge est une réplique en miniature de l'horloge Little Ben située sur un carrefour près de la gare Victoria, dans le quartier de Westminster, à Londres. C'est le gouverneur Sweet-Escott qui voulait une copie de ce qu’il avait vu à la gare Victoria au cours d’une visite à Londres. 
3$ (Mahé) Au abords du district de Plaisance se trouve l'Eglise Sainte Thérèse Plaisance. Batie au XVIe siècle, cette Eglise accueille qutodiennement des fidèles venus des quatre coins de l'Archipel. La messe du dimanche qui se tient lieue à 7h00 est une occasion pour tous les fidèles de partager un moment de spiritualité.
4$ (Mahé) Mosquée à Victoria : Mahé abrite de nombreuses croyances religieuses différentes qui coexistent en harmonie, ce qui explique la présence de cette petite mosquée à Victoria. Le dôme doré du bâtiment contraste grandement avec le vert qui l’entoure. Dans les alentours, vous trouverez un magasin d'alimentation halaal / halal où sont vendus viandes et légumes frais.
5$ (Mahé) Au milieu de la place se trouve un buste de Jean Jaurès en mémoire à ce dernier. Faite de marbre, cette sculpture en taille réelle d'un mètre sur cinquante centimètres est faite pour perdurer dans le temps au même titre que les oeuvres de l'illustre philosophe.
6$ (Mahé) Anse Major Trail : Cette balade relativement simple longe la côte rocheuse nord-ouest de Mahé jusqu’à la baie isolée et pittoresque de Anse Major. Pour le point de départ, il suffit de prendre votre voiture de location Beau Vallon jusqu’à Bel Ombre et Danzil. La route est seulement passable en voiture pour une certaine distance. Si vous préférez prendre le bus, montez à bord du numéro 21 (Victoria – Bel Ombre) et débarquez au terminus, puis suivez la route à pied. Un petit chemin mène vers le haut, et une fois que vous atteignez environ 100 mètres au-dessus du niveau de la mer, la côte se déplace vers l’ouest. Ici, sur les rochers de granit nu, il y a peu de végétation, mais vous aurez droit à une vue sensationnelle de la mer d’un côté, et une impressionnante vue sur l’imposant parc national Morne Seychellois de l’autre. Veuillez être conscient qu’il y a peu d’ombre lors de cette randonnée, alors essayez d’éviter le soleil de midi. Après environ une heure, le sentier étroit mais bien balisé descend jusqu’à Anse Major. Cela vous donne non seulement la chance de vous rafraîchir, mais aussi de profiter de très bons endroits de plongée. Le week-end, vous pouvez rencontrer les habitants du coin qui viennent en bateau pour profiter d’un barbecue sur la plage. Si vous le souhaitez, vous pouvez demander à votre hôtel s’ils vont prévoir un bateau pour venir vous chercher; la vue sur les vagues de l’océan qui s’écrasent contre les rochers fait en sorte que le voyage en vaut la peine ! Pour ceux qui voudraient marcher un peu plus loin, un sentier mène au sud-ouest, ce qui aboutit au Parc National de la Baie Ternay après approximativement une heure de marche, comprenant également ses criques sauvages comme l’Anse du Riz et la Baie aux Chagrin. Veuillez bien noter : cette route possède des montées escarpées et il y a peu de protection contre le soleil.
7$ (Mahé) Mare Aux Cochons Trail : Profondément dans le Parc national Morne Seychellois se trouve un réseau de pistes se croisant à travers la Vallée Mare aux Cochons. Ceux qui veulent explorer cette région devraient prévoir une journée entière, en fonction des niveaux de conditionnement physique et de l’expérience en randonnée. Chaque excursion se compose de ses propres points forts au niveau de la diversité naturelle. La Mare aux Cochons est un marécage d’eau douce, alimenté par une petite rivière de montagne; ici, vous trouverez d’excellents endroits pour faire un pique-nique ! D’autres sites comprennent le point d’observation de Glacis d’Antin, quelques ruines, une petite chute d’eau et une grotte contenant un mystérieux trésor de pirates du 18ème siècle.
8$ (Mahé) Dans Gallas Trail : Ce sentier offre un certain nombre de vues panoramiques différentes le long du chemin, y compris une vue imprenable au sommet qui englobe la baie de Beau Vallon, tout de nord Mahé, et la côte est jusqu’à l'aéroport, avec tout Victoria juste en dessous. C'est une des seules randonnées qui permet d'admirer successivement les côtes Est et Ouest de Mahé. Départ matinal recommandé pour profiter du panorama avant l'arrivée des nuages à la mi-journée. Accès depuis la route du Niol, en face du dernier arrêt de bus. 
9$ (Mahé) Glacis La Reserve Trail : Le parcours de Glacis La Reserve traverse l'une des plus impressionnantes forêts de palmiers de Mahé sur fond de falaises de granit et de blocs rocheux, avec trois superbes points de vue le long de la route donnant sur plusieurs zones différentes de Mahé. C'est un itinéraire court et facile qui propose une superbe collection de palmiers et l'expérience d'un vaste glacis au-dessus de la côte Est. Sur la route de la Montagne posée, au lieu-dit Bon Espoir, stationnez près de la Sation Cable & Wireless. 
10$ (Mahé) Vacoa Nature Trail : Ce sentier court et circulaire traverse un sentier en haut et autour de la rivière Dauban, depuis son réseau de mangroves jusqu’à la forêt plus à l'intérieur, qui est dominée par Pandanus - souvent appelé pins à vis ou Vacoa en créole - pour lequel le sentier est nommé.
11$ (Mahé) Anse Capucin Trail : Ceux qui veulent explorer le sud, d’une manière plus profonde, peuvent continuer à partir de l’extrémité sud de l’Anse Marie-Louise, en suivant un sentier étroit et difficile à trouver qui mène à Anse Capucins. En marchant 50 mètres au-dessus de l’océan, puis après 45 minutes, vous atteindrez une maison; à ce point, prenez le petit chemin vers Anse Capucins. Ou, si vous voulez plutôt vous rendre à Anse Petite Boileau, prenez l’autre chemin de cette maison et faites une randonnée à travers 2 km de végétation relativement dense. Cela en vaut largement la peine pour ressentir la solitude à la Robinson-Crusoé que vous aurez la chance d’expérimenter à la fin. Alors que vous êtes physiquement près de l’extrémité sud de l’île, il ne s’agit pas d’une distance de marche facile. Portant le nom plutôt étrange de « Cap Malheureux », cela prendra environ trois heures pour vous y rendre. Assurez-vous de vérifier préalablement l’état de la route, car elle peut être flanquée de chaque côté par une jungle dense et le sentier peut être envahie très embroussaillé par endroits. Ici, les plages ne conviennent pas pour la nage, particulièrement lors des mois hivernaux.
12$ (Mahé) Morne Blanc Trail : Ce sentier est une montée continue depuis un point de départ déjà en haute altitude dans le parc national du Morne Seychellois, à travers des forêts de brouillard jusqu’au sommet de la montagne du Morne Blanc, avec des vues panoramiques sur la côte ouest de Mahé. C'est une ascension au coeur de la fôret jusqu'au plus beau point de vue de la côte ouest. La partie initiale du sentier passe par une ancienne plantation de thé, mais lorsque le sentier s’élève,  l'écologie de la forêt dans le brouillard devient plus évidente, avec des lichens, des mousses et des fougères couvrant la plupart des surfaces. Beaucoup d'arbres de jackfruit se trouvent à côté du chemin vers le haut à la montagne, et ces grands fruits peuvent souvent être vus à terre après être tombés. Il y’a plusieurs grottes et trous dans cette zone qui sont très camouflés en raison de la jungle épaisse des sous-bois, donc les randonneurs sont invités à ne pas s'éloigner de la voie. Pour plus d'informations, des brochures individuelles de parcours produites par le ministère de l'Environnement peuvent être achetées au magasin de livres Antigone et au Jardin botanique. Le sentier mène à une plate-forme perchée au sommet de la falaise du Morne Blanc, avec des vues panoramiques spectaculaires depuis laquelle vous pouvez voir des oiseaux tropicaux tourbillonner au-dessus et en dessous de vous. Les zones de forêts de montagne telles que celles-ci abritent beaucoup d'oiseaux endémiques des Seychelles, tels que le « bulbul » des Seychelles, le « swiftlet » des Seychelles, et le « sunbird » des Seychelles. Vous pouvez également peut être entendre les appels étonnamment bruyants de la plus petite grenouille du monde, qui est endémique aux Seychelles, mais avec 1 cm de longueur, en trouver une se révélera beaucoup plus difficile. Le sentier mène à une plate-forme perchée au sommet de la falaise du Morne Blanc, avec des vues panoramiques spectaculaires depuis laquelle vous pouvez voir des oiseaux tropicaux tourbillonner au-dessus et en dessous de vous. Les zones de forêts de montagne telles que celles-ci abritent beaucoup d'oiseaux endémiques des Seychelles, tels que le « bulbul » des Seychelles, le « swiftlet » des Seychelles, et le « sunbird » des Seychelles. Vous pouvez également peut être entendre les appels étonnamment bruyants de la plus petite grenouille du monde, qui est endémique aux Seychelles, mais avec 1 cm de longueur, en trouver une se révélera beaucoup plus difficile.
13$ (Mahé) Salazie Trail : La première partie de ce sentier est facile car elle suit une route à travers la forêt d'acajou cultivée et les plantations de thé. La dernière partie de la piste est plus difficile, passant par une forêt dense et par un étroit sentier entre les sous-bois et les rochers jusqu’à un lotissement privé. En provenance de Victoria, sur la route de Sans- Souci, repérez le panneau indicateur sur votre gauche et empruntez sur quelques dizaines de mètres un chemin forestier où il est possible de stationner. 
14$ (Mahé) Copolia Trail : Ce sentier s’étend sur la vaste étendue d'un sommet de granit avec une vue à 360 degrés, et offre un accès facile à la flore unique que l’on trouve dans les altitudes intermédiaires des Seychelles. Forêts, glacis et vue panoramique au programme de cette randonnée populaire sur la côte Est. Depuis Victoria, prendre la direction de la route de Sans-Souci. Après une poignée de kilomètres, stationnez à proximité de l'hôtel Copolia Lodge. Le sentier se situe juste en face de l'établissement au niveau de l'arrêt de bus. 
15$ (Silhouette) Sur la côte Est ont été entretenus les épaves des premiers arrivants sur l'île. Ainsi, vous pourrez y trouvez une diversité de trois mâts renouvés et entretenus pour exposition.
16$ (Silhouette) Sur la côte Nord de l'île apparaissent des épaves des anciens engins de guerre sous-marins échoués au bord de la plage. Certains remis au goût du jour peuvent être visités de l'intérieur sans aucun danger.
17$ (Silhouette) La superbe Anse Mondon est une autre destination attrayante où l’on peut faire de la randonnée de deux heures, en partant de La Passe. La baie est située sur le côté nord de Silhouette, et la route qui mène là passe sur de grandes surfaces lisses rocheuses, qui nécessitent un peu de connaissance sur l’escalade ici et là. À l’arrivée, de nombreux poissons colorés attendent dans le monde aquatique de l’Anse Mondon, alors que le poisson-perroquet et d’autres espèces marines peuvent également être repérés entre les rochers de granit. Ici, l’eau est si claire que vous pouvez même voir sous l’eau de la plage.
18$ (Silhouette) Le deuxième plus haut sommet de l’île Mont Dauban est une autre option, mais seulement accompagné d’un guide. À 740 mètres de hauteur, cette promenade vous mènera dans la forêt mystique et se terminera par une vue imprenable depuis le sommet, qui n’est généralement pas entouré de nuages. Peut-être oseriez-vous vous mesurer à ce géant en la gravissant sur ses pentes les plus raides. L'escalade du Mont Dauban est déconseillée aux débutant et débute aux alentours des 300 mètres afin d'éviter les risques d'affaissement.
19$ (Silhouette) Avec ses nombreux reliefs, l'île Silhouette nous offre un panorama merveilleux et contrasté entre ses plages sablées et ses espaces verts situés sur ses hauteurs. Ce magnifique tableau peut être contemplé à vol d'hélicoptère près de la seule piste de décolage de l'île située sur sa côte Sud Ouest.
20$ (Silhouette) La côte Sud de l'île et sa mer relativement calme vous donne le droit à une aventure en son sein. Avec la mise à disposition de jetski en location, explorez les alentours de la côte et laissez-vous vous imprégnez de l'air pur de l'île.
21$ (Silhouette) Au centre de Silhouette, vous découvrez un parcours d'accrobranche prisé par les touristes les plus aventureux. Peut-être aurez-vous la chance d'apercevoir les spécimens de primates propres à l'île grimper à vos côtés.
22$ (Conception) Anse Source d’Argent : C’est l’une des plus belles plages au monde. Située sur l’île de La Digue – la troisième île la plus peuplée de l’archipel, ses plages de sable blanc, sa mer bleu azur, entourée de blocs de granit massif font de cette plage un lieu de souvenir unique pour les nombreux touristes aux Seychelles. La plage parsemée de rochers massifs et lisses a remporté la première place lors d’un sondage réalisé par le journal britannique « The Guardian ». Le site internet TripAdvisor, qui recueille des avis de voyageurs, a classé la plage, dans son Top 12 des plus belles plages d’eau cristalline. La plage est également mise en vedette parmi les plus belles plages du Traveller’s Choice 2014. Le beau livre de National Geographic, The 10 Best of Everything  a élu Anse Source d'Argent plus belle plage du monde. La plage a également été élue  4ème plus belle plage au monde sur 100 par le personnel de CNN. Elle est classée cinquième plus belle plage sur 12 au monde par le US News & World Report.
23$ (Conception) Marché Sir Selwyn Selwyn Clarke: L’un des deux « centres-villes » de Victoria passe par le milieu de la ville à l’ombre d’un grand manguier, autour du marché de Sir Selwyn Selwyn Clarke. Construit en 1840, le marché a été nommé d’après un gouverneur français qui a conçu les stands lui-même pour les agriculteurs locaux et les pêcheurs afin qu’ils les utilisent pour vendre leurs marchandises. De nos jours, les les kiosques sont devenus plus commerciaux et sont rarement gérés par les agriculteurs eux-mêmes, mais plutôt par les marchands. Même tôt le matin, le marché est inondé de gens et de kiosques contenant des fruits, des légumes, des épices et des œuvres artisanales. Les articles colorés et aromatiques se composent de limes, de bananes, de papayes, de mangues de fruits de la passion, de goyaves, d’ananas, de patates douces, d’aubergines, de fruits à pain, de poissons, de piments, d’anis étoilés, de tamarins, de gousses de vanille, de chapeaux, de souliers, de sculptures, de cartes postales, de vêtements et bien plus encore ! Du premier étage du marché, vous pouvez jeter un œil à l’agitation se déroulant en bas, ainsi que de profiter des boutiques de souvenirs et des cabines d’artisanat. En plus de cela, il y a un café de qualité où vous pouvez vous asseoir et apprécier les couleurs intenses, les sons et les odeurs du marché tout en vous régalant d’un petit déjeuner ou d’une collation.
24$ (Conception) Victoria House : Ce bâtiment historique en bois et ses dépendances attenantes se situent au coin de l’Avenue de l’Indépendance / Rue Sir Francis Rachel, en diagonale de la Tour de l’horloge. Le bâtiment a été construit à la fin du 19ème siècle pour servir en tant que siège de la Banque New Oriental, avant de devenir plus tard la Cour suprême des Seychelles. Malheureusement, vous ne pouvez visiter que l’extérieur, qui est composé d’un petit parc disposant de quelques endroits ombragés confortables.
25$ (Conception) À quelques lieues du port de Launay, vous trouverez au Nord un village de pêcheur abandonné typique de l'époque. Parfaitement conservé, ce dernier reflète de manière fidèle le mode de vie de l'époque.
26$ (Conception) Peut-être vous êtes-vous déjà sentis observé en explorant les flancs Ouest de l'île. En effet, si vous faites attention, vous verrez apparaître certaines formes sur les reliefs de l'île. Ce sont les falaises sculptées de l'époque. Elles avaient une conotation religieuses.
27$ (Conception) En survolant le paysage au Sud de l'île, vous verrez apparaître un temple typique bati par les autochtone. Sans danger particulier, son exploration est libre d'accès. Peut-être vous découvrirez-vous une âme d'explorateur.
28$ (Conception) Un moment de répis et de détente durant votre périple dans la discothèque de l'île dans laquelle chaque boisson servie est produite localement sur l'Archipel.
29$ (Thérèse) Avec une diversité d'îles la composant, les Seychelles a fait des bateau un moyen de transport banal pour ses habitants. Le musée naval de Thérèse retrace l'évolution de ce vecteur de déplacement à travers le temps.
30$ (Thérèse) Le grand guide des bâteaux en détresse se dresse sur le côte Est de l'île de Thérèse. Le grand phare de l'Est est un point de repère pour tout marin habitué à naviguer par temps difficile dans les eaux des Seychelles.
31$ (Thérèse) Au centre de l'île de Thérèse, vous trouverez parfois de manière sporadique un concentré d'habitations typique de l'époque. Certains villages de la régions ont choisi de garder le mode de vie de l'époque. Imprégnez-vous de cette dernière en explorant ces villages historiques réhabités.
32$ (Thérèse) Gravissez l'Oreille de Lapin (Thérèse) afin de pouvoir vous y jeter à pleine vitesse au cours d'un stage de parapente encadré par des professionnels.
33$ (Thérèse) Avec une eau calme, la côte Ouest de l'île de Thérèse constitue un spot idéal pour tout amateur de plongée. Plongeurs, à vos tubas ! Profitez d'une expérience de plongée inédites aux côtés des tortues marines.
34$ (Thérèse) Le Grand Creux (Thérèse) nous donne l'occasion d'explorer sa superficie marine avec la location de jetskis.
35$ (Thérèse) La mer située au Nord de Thérèse abrite une multitude de spécimens marins. Les commerçants de l'île vous donnent l'occasion d'embarquer avec eux sur leur voilier afin d'y observer ces espèces inédites à l'île de Thérèse.
36$ (Sainte Anne) Au départ de Victoria, à 5 km de la côte de Mahé, se trouve la plus ancienne réserve marine des Seychelles, nommée pour sa plus grande île Sainte Anne. Outre cette île et la lagune environnante, le parc abrite l’île Moyenne, l’île Ronde, Long Island, l’île Cerf, l’île Cachée, ainsi que des eaux profondes de l’océan. Au total, le parc couvre 14,43 km², et se compose principalement de récifs coralliens. La superficie des six îles du parc, qui comptent elles-mêmes parmi les soi-disant « Îles intérieures » des Seychelles, composée du mélange traditionnel de roche volcanique et de granit, est de seulement 3,8 km². Environ 40 000 touristes visitent le parc chaque année, ce qui équivaut à environ un tiers de tous les visiteurs des Seychelles. En employant notamment des guides et des exploitants de bateaux dans le parc, les touristes contribuent non seulement au PIB des Seychelles, mais également au financement des efforts de protection du parc.
37$ (Sainte Anne) Autrefois abandonnée et hors juridiction, l'île de Sainte Anne fut pendant une longue période un refuge pour les pirates. Avec l'arrivée des colons, l'île fut abandonnée. Vous trouverez les vestiges de ces habitant d'autrefois avec notamment la présence de bateaux pirates présents sur certaines côtes. Certains d'entre eux ont été restaurés et parfois habités.
38$ (Sainte Anne) Sculpture contemporaine de l'illustre artiste Amino AGRANO, la Grande Ancre de Saint Anne est une allégorie du style de vie des Seychellois.
39$ (Sainte Anne) Centre National de tenis des Seychelles, avec plus de 40 courts en plein air. Le centre réuni les plus grands sportifs et préparateurs. Des terrains sont également mis à disposition pour les amateurs souhaitant découvrir le sport.
40$ (Sainte Anne) Sur la côte Est de Sainte Anne vous pourrez trouver des grottes abritant des chauve-souris. La visite de ces denrière est libre, mais non pas sans dangers. En effet, les rejets de ces animaux volants, à forte quantité, peuvent être toxiques pour l'Homme (en plus de l'odeur dégagée).
41$ (Sainte Anne) Un alignement de plusieurs terrain de Beachvolley où sont régulièrement organisés des événnements et tournois.
42$ (Sainte Anne) La Grande Anse et ses eaux calmes sont un parfait endroit pour les amateurs de plongée. Avec sa barrière de corails, l'endroit est idéal pour les amoureux de la nature. Profitez d'une expérience de plongée à deux tons avec une plongée en marée haute (la plus commune) et une autre en marée basse
43$ (Ile au Cerf) Aux abords de la côte Nord de l'Ile au Cerf se trouve le vieux port, port historique par lequel affluaient les marchandises du monde entier. Aujourd'hui à l'abandon, vous pouvez toutefois contempler ce vestige du passé et vous imprégner de l'ambiance d'antan.
44$ (Ile au Cerf) Batie au XVIIIe siècle avec l'arrivée des colons, l'Eglise de l'Ile au Cerf représente le seul et unique lieu de culte de l'île pour les fidèles s'y trouvant. Sa charpente en bois d'époque lui donne un air convivial et authentique.
45$ (Ile au Cerf) Cette petite île se trouve au milieu du parc marin de Sainte Anne et est entourée d’un monde aquatique enchanteur et d’un récif corallien rajeunissant. Le point le plus élevé de cette petite masse terrestre atteint 108 mètres, tandis que l’île offre peu en termes d’infrastructures ou de bâtiments résidentiels, dont le peu d’entre eux sont répartis sur les zones plates des côtes ouest et nord-est.
46$ (Ile au Cerf) Le point d'encrage à l'hôtel L'Habitation s'étend loin dans la mer, la mer qui l'entoure étant extrêmement plate. Ici, diverses caisses sont également livrées pour la petite communauté insulaire et c'est le seul véritable point de rencontre de l'île, où les habitants viennent discuter. Il y a également une autre petite jetée à l'extrémité nord de la plage de Takamaka, près du complexe hôtelier de l'île Cerf où vous pouvez observer une concentration de bâtiments dédiée à la production locale de rhum.
47$ (Ile au Cerf) L’île Cerf a déjà eu une industrie de la noix de coco en plein essor, dont une grande partie est encore visible aujourd’hui sous la forme de palmiers luxuriants. De nombreuses autres plantes tropicales couvrent également l’île, qui abrite aussi des chauves-souris et des tortues géantes. À environ 60 mètres de la côte sud de Cerf, il y a la minuscule Île Cachée, qui est inhabitée et que l’on peut atteindre en pataugeant à marée basse. De ce côté de l’île, vous pouvez voir plus d’îles privées telles que l’Île Anonyme, qui possèdent de belles plages à offrir, un fait qui attire les visiteurs le week-end. Si vous décidez de séjourner plusieurs jours sur Cerf, vous pouvez également bénéficier de voyages en bateau vers les îles voisines du Parc national marin de Sainte-Anne.
48$ (Ile au Cerf) Sur les petites hauteurs de l'île, pratiquée un parcours d'escalade en largeur avec une succession de plusieurs petites pentes plus ou moins raides où votre endurance sera mise à rude épreuve.
49$ (Ile au Cerf) La côte Nord Est offre son lot de sensations avec de belles vagues. Les voiliers sont mis en location près de la baie afin d'en profiter au maximum
50$ (Praslin) Dans la petite exposition au Musée de Praslin, vous trouverez des informations au sujet de la nature, de la culture et de l’histoire de Praslin. Situé dans un bâtiment historique, le musée se trouve à proximité du territoire de Côte d’Or (ouvert tous les jours de 9h00 à 16h00, entrée d’un montant approximatif de 5€/SCR 180, tél. 524 618, site internet). Pendant ce temps, la « Galerie des art et Art café » expose et vend des peintures et des sculptures d’artistes locaux, ainsi que des produits artisanaux (ouvert du lundi au samedi de 10h00 à 21h00, tél. +248 429 4800).
51$ (Praslin) Anse Gouvernement, située à l’est de l’île, abrite le magnifique Hôtel Archipel, entouré d’un jardin verdoyant et luxuriant. En 1984, le film d’aventure « Pirates » de Polanski a été tourné à l’Anse Gouvernement. De plus, à l’est de la baie, les visiteurs peuvent trouver un sentier qui mène à l’Anse Matelot, qui est située à environ quinze minutes.
52$ (Praslin) L'Eglise Saint Anne de Praslin se situe sur la côte Sud de la Baie Sainte Anne. Batie à la fin du XVIe siècle, il représente un lieu de culte incontournable de l'île de Praslin.
53$ (Praslin) Bien que la Vallée de Mai soit, bien sûr, la principale attraction de Praslin, la réserve naturelle de Fond Ferdinand est une excellent alternative qui vaut assurément la peine à visiter. Seulement ouvert depuis 2013, le parc n’est naturellement pas encore très connu. Le point de départ se trouve à l’aide d’un petit panneau rouge/blanc dans le parc de stationnement de l’Anse Marie Louise, accessible en bus ou en voiture de location. La route nous y menant est plutôt large, comprenant quelques virages escarpés. Le centre des visiteurs de la réserve est assez simple, mais le personnel est toujours heureux de voir de nouveaux visages ! Ici, le prix d’entrée est beaucoup moins cher qu’à la Vallée de Mai, et un guide personnel est toujours inclus. Les visiteurs de la réserve naturelle de Fond Ferdinand devraient prévoir d’arriver le matin, car il n’y a plus de visites à partir de 13h00. Possédant une superficie de 122 hectares, Fond Ferdinand est plus de six fois plus grand que la Vallée de Mai, et est encore plus riche en espèces endémiques végétales et animales, y compris un nombre quasi identique de palmiers Coco de Mer que la Vallée de Mai. Outre le chemin sinueux à travers la vallée, le voyage de deux ou trois heures pour se rendre au point d’observation vaut également le détour. De ce point, vous pouvez profiter d’une belle vue sur Praslin elle-même, ainsi que les autres îles intérieures des Seychelles. Dans une direction, vous pouvoir Curieuse, l’île Soeur, l’île Coco, l’île Ronde, Félicité et La Digue, tandis que dans l’autre direction, vous pouvez observer Frégate, Mahé et Silhouette. Si le temps est dégagé, vous pouvez même être en mesure de repérer l’île Denis à l’horizon. Il y a une vue panoramique tout aussi époustouflante à partir du point Zimbabwe. Cet endroit, situé au nord-ouest de l’île, est particulièrement agréable au coucher du soleil. De Anse Boudin, prenez la route vers le Zimbabwe jusqu’à ce que vous atteigniez les portes d’une station émettrice. De là, vous pouvez vous diriger vers le nord à Aride, vous rendre à l’ouest aux îles Cousin et Cousine, et à l’est vers Curieuse. La Digue et ses îles environnantes peuvent être vues au sud. En plus des excursions déjà décrites dans la réserve naturelle de la Vallée de Mai et dans celle de Fond Ferdinand, Praslin accueille quelques autres randonnées intéressantes, vous permettant de découvrir la beauté unique de la nature de l’île.
54$ (Praslin) Vallée de Mai : Le “coeur de Praslin” abrite les vestiges des palmiers originaux de la jungle des Seychelles et a souvent été décrit comme le “Jardin d’Éden” en raison de sa nature isolée et mystique. Dès 1966, le parc a été placé sous protection, avec plus de 1 400 arbres du légendaire Coco de Mer qui sont tombés sous la protection du gouvernement des Seychelles en raison de leur caractère unique et de leur emplacement. Lorsque les Seychelles étaient une partie intégrante du supercontinent Gondwana, plusieurs année avant de se diviser en les continents actuels, la région était composée d’une riche diversité végétale et animale uniques qui pouvait, heureusement, être contenue grâce à son isolement géographique. Les mesures modernes de préservation visent précisément à éliminer les espèces végétales envahissantes, ainsi que celles introduites par les humains, et à s’assurer constamment du caractère original de la vallée en tant que maison du Coco de mer. Dans cette zone vierge de la jungle, il est possible de suivre les traces de la préhistoire, inchangée depuis des millions d’années, et d’y trouver les six espèces endémiques de palmiers. Le Coco de Mer, la plus grande graine au monde, est particulièrement admiré par les visiteurs et cela explique pourquoi il a désormais le statut du patrimoine mondial du Parc national, qui a été reconnu en 1983 grâce à un excellent exemple de la Vallée de Mai en tant que caractéristique d’une forêt de palmiers. Le Coco de Mer pousse seulement de manière naturelle sur les îles de Praslin et Curieuse. Le plus vieux spécimen de l’arbre est âgé d’environ 300 ans et mesure 27 m de haut, possédant un tronc parfaitement droit et de grandes feuilles en forme d’éventail. L’arbre femelle produit un fruit en forme de coeur pouvant peser jusqu’à 25 kg, étant ainsi les graines les plus grandes et les plus lourdes au monde. Cet arbre est si grand et si lourd qu’il ne peut pas être transporté par les animaux, alors s’il tombe dans l’eau, il devient pourri et il coule. En raison de sa forme distincte, qui rappelle la région pelvienne d’une femme, la graine a déjà bénéficié de la réputation d’être un trésor convoité par les anciennes cours royales. Même aujourd’hui, le Coco de Mer est aussi précieux qu’un souvenir. Cela dit, toute personne qui désire en acheter un doit le négocier durement ! D’ailleurs, les prix varient généralement entre 200€ et 600€. En ce qui concerne la nature érotique de la plante, l’espèce mâle est tout aussi frappante : les formes phalliques montent de beaucoup de pieds à partir des cimes feuillues, alors cela n’est pas surprenant que beaucoup de gens suggèrent que les plantes mâles et femelles s’accouplent ensemble pendant la nuit. Au cours de ses recherches, un écologiste de Darmstadt a découvert la vérité sur les méthodes de reproduction de la plante. De nombreux nutriments sont transportés à travers les feuilles au pied du tronc, où les graines tombées germent et grandissent. Cela fait penser aux soins maternels, et il s’agit donc d’un phénomène unique dans le monde végétal. Cependant, le palmier Coco de Mer est maintenant en voie de disparition et se retrouve sur la liste rouge de l’Union internationale pour la conservation de la nature (UICN), avec des chiffres chutant autour de 30% au cours des 50 dernières années seulement. Outre les parasites, les incendies et l’exploitation forestière, le commerce rentable des noix est largement ce qui doit être blâmé. Officiellement, environ 1 000 unités sont vendues chaque année, mais le nombre réel est bien plus grand en raison du braconnage et du vol. Sur le marché asiatique, par exemple, les demandes (et subséquemment les prix) sont particulièrement élevées. La chair du fruit est préparée, puis échangée comme un aphrodisiaque. Étant donné que les gens ont cru que le fruit était un palmier mythique sous l’eau, cette avidité a marqué le début du phénomène et il s’est perpétué tout au long de l’histoire des Seychelles. Dans le parc se trouve le sentier balisé Glacis Noire, qui convient également aux personnes en fauteuil roulant. Ce sentier guide les visiteurs à travers le site de 18 hectares, menant à un certain nombre d’espèces de plantes intéressantes. Les nombreuses feuilles de palmier géantes qui affectent la lumière, en combinaison avec le bruit des feuilles et le craquement des arbres, assurent une atmosphère délicieuse pour laquelle vous devriez prendre au moins deux heures à explorer. Au sein du bâtiment principal du parc, une brochure disponible sur le marché fournit des notes supplémentaires et des informations utiles, servant ainsi de guide pour le parc. Ceci est particulièrement utile pour ouvrir les yeux et les oreilles à la flore avoisinnante, aux geckos, aux grenouilles, aux escargots et au bulbul à gros bec, qui peuvent tous être trouvés dans le parc. La Vallée de Mai abrite également un oiseau rare, le perroquet noir, qui est aussi connu sous le nom de Vaza. Il en existe que trois espèces aux Seychelles et une autre sous-espèce à Madagascar. Les oiseaux sont très timides et, habituellement, ils ne peuvent qu’être entendus. Si vous souhaitez prendre des photos et que vous ne disposez pas d’un appareil de haute qualité, vous devez utiliser le flash pour capture votre image. Au sommet du Glacis Noire, cela redevient lumineux, et vous pourrez profiter d’une superbe vue à 360°. À l’entrée du parc, un petit café vous invite à vous reposer et il y a aussi, bien évidemment, des boutiques de souvenirs.
55$ (Praslin) Sur les reliefs près de la réserve de la Vallée de Mai, frottez-vous aux rugueuses pentes de Praslin avec une séance d'escalade accompagné par des locaux expérimentés
56$ (Praslin) L’Anse Boudin se trouve au nord-est de Praslin et possède une vue imprenable sur l’île Curieuse. L’association d’activités locales et le beau paysage de plage mérite une visite. La mer est peu profonde à marée basse, mais devient cependant rapidement très profonde en dehors de la zone sableuse. Toutefois la marée haute offre la possibilité d'être accompagné en mer avec des locaux pour pratiquer la pêche traditionnelle des Seychelles. A l’Anse Boudin il peut occasionnellement y avoir des algues, qui sont cependant rapidement emportées par les vagues. La plage est facile d’accès en voiture ou en bus. Il y a des places de parking et un arrêt de bus dans la rue adjacente. Les visiteurs peuvent aussi y venir à pied, si le logement n’est pas trop éloigné. L’Anse Boudin se caractérise par les activités des populations locales. Il s’agit d’une baie de pêche et de nombreux petits bateaux se trouvent à proxmité de la rive. La plage est même très animée le dimanche, car les habitants l’utilisent souvent pour des matchs de football. Vous aurez l’occasion d’avoir un aperçu de la vie des Seychellois. Naturellement l’Anse Boudin est aussi adaptée à la baignade et au snorkeling. Elle est idéale pour les familles avec enfants car la mer y est peu profonde. Quelques boutiques, snack-bars pour les petites faims et des restaurants se trouvent à proximité. A l’Anse Boudin, il y a quelques agences offrant des excursions à la journée sur les îles voisines de Curieuse et de Cousin. Les excursions en bateau sont intéressantes car les deux îles disposent d’une nature intacte et offre un aperçu de la faune et la flore. De grandes tortues Aldabra vivent par exemple sur Curieuse. Et il y a encore beaucoup d’autres choses à découvrir ! Le large évantail d’activités, le paysage magnifique et la mer peu profonde font de l’Anse Boudin une belle plage pour une journée d’excursion. Ceux qui prévoient de rester longtemps sur l’île de Praslin et qui ont suffisamment de temps ne devront pas manquer l’Anse Boudin.
57$ (La Digue) L'Union Estate : À l’extrémité sud de la Réunion, franchissez l’Union Estate, une ancienne plantation de noix de coco et de vanilla qui est un véritable aperçu de l’histoire coloniale de La Digue. Il faut débourser un droit d’entrée de 100 SCR (environ 10€). Cette plantation de cocotiers commence derrière un sentier, au bout de la route côtière. Jusqu’aux années 1980, les noix de coco ont réellement été cultivées ici dans les champs, et le coprah (la chair séchée à partir de laquelle l’huile de coco est fabriquée) a été produit. Avant que l’huile de palme n’ait conquis le marché mondial, l’huile de coco était le produit naturel largement utilisé dans la cuisine depuis des siècles. Ces jours-ci, elle est sur le point de célébrer une sorte de retour dans certains endroits. Le moulin à coprah traditionnel avec un boeuf complète la culture de l’île, vous offrant ainsi la possibilité de voir comment le coprah est conçu. L’ancien cimetière, qui est également situé sur l’Union Estate et qui peut même être visité, est d’une autre importance historique. Les premiers colons de La Digue sont enterrés à cet endroit. En plus de cela, l’enclos de la tortue géante Aldabra est une autre attraction touristique populaire. Malheureusement, les animaux sont toujours gardés à l’intérieur de cet enclos, contrairement à ceux de l’île Curieuse qui vivent dans une réserve naturelle à proximité, leur permettant ainsi de se déplacer librement. Près de l’enclos de la tortue se trouve la plantation de vanille, une autre plante qui a été cultivée sur La Digue. Toutefois, en raison de l’absence d’insectes pollinisateurs sur l’île, les gousses ne peuvent être récoltés qu’à la condition que les humains pollinisent à la main chaque fleur individuellement. Cela a été la méthode utilisée pour l’exportation de la vanille et, aujourd’hui, vous pouvez encore voir certaines des plantes cultivées en rangées de mètres de long. La maison de la plantation est l’un des plus anciens exemples d’architecture coloniale française sur La Digue. Autrefois, elle était la maison d’une famille mauricienne qui est devenue riche et prospère une fois qu’elle s’est établie sur La Digue. Le bâtiment a été créé à partir de bois précieux et recouvert de feuilles de palmier (monument national de la maison de la plantation, ouvert à tous les jours de 7h00 à 17h00, tél. 423 42 40). Voisine de la plantation de vanille se trouve un monolithe de 40 mètres dans le ciel. La roche géante de l’Union occupe une superficie de 4 000 m² et est estimée à environ 700 millions d’années. 
58$ (La Digue) L’Anse Grosse Roche se trouve sur la côte est de La Digue et est peu fréquentée. Ceux qui optent pour une visite auront souvent la plage pour eux tous seuls. Les marées peuvent être plus fortes durant la mousson du sud-est (de mai à octobre), avec pour conséquence possible de plus fortes vagues et la présence d’algues. L’Anse Grosse Roche est accessible à pied, à vélo ou en voiture (taxi) de La Passe à partir de l’unique route en direction du nord. Elle se trouve à proximité de certains hébergements, comme l’hôtel Patatran. La route suit la plage parallèlement. Les visiteurs devront faire attention au terrain qui se trouve entre la plage et la route car les habitants y plantent parfois des légumes. Hormis le grand rocher de granit, qui a d’ailleurs donné son nom à l’Anse Grosse Roche, il y a un petit snack-bar, qui à côté de boissons proposent aussi des en-cas pour le petites faims et quelques places à l’ombre. Le rocher fait de cette plage un beau décor, tant et si bien qu’en 1987 une partie du film “Crusoe” avec Aidan Quinn dans le rôle principal, a été tournée à l’Anse Grosse Roche. Dans l’ensemble, l’Anse Grosse Roche est une plage de sable blanc, peu fréquentée et où il n’est pas rare de pouvoir profiter d’une solitude absolue. La mer est calme et les adeptes du snorkeling y trouveront aussi ici de bonnes conditions pour avoir un aperçu du monde sous-marin unique à marée haute.
59$ (La Digue) Anse Fourmis se trouve sur la côte est de La Digue et est située entre Anse Banane et Anse Caïman, plus éloignée. Se trouve aux alentours la plus grande digue de l'île construite à la fin du XIXe siècle. La plage est le plus souvent déserte et est généralement uniquement fréquentée pour les bains de soleil et par les familles qui se détendent sous les arbres Takamaka. Bien que le récif situé en amont protège la plage de la pleine mer, celle-ci n’est pas adaptée à la baignade ou au snorkeling. A marée basse, la mer est peu profonde et plusieurs coraux sont exposés. A marée haute, le courant peut en revanche être dangereux. La plage est facilement accessible à pied, à vélo ou en voiture (taxi) et est “éloignée” des coins célèbres de La Digue. Une visite à Anse Fourmis devrait être associée à un circuit nord. Le mieux est d’y accèder à vélo. Pour les aventuriers, il existe un chemin pedestre pour se rendre à Anse Cocos, qui passe ensuite par la Petite Anse et la Grand Anse. Le snack-bar qui se trouve juste à côté d’Anse Banane (à environ 5 minutes) propose des jus de fruits frais et des en-cas. Les arbres Takamaka dispensent suffisamment d’ombre pour tous ceux qui souhaitent se protéger du soleil. La nature, les formations rocheuse et les coraux constituent de nombreux atouts, avant tout pour les enfants qui peuvent en apprendre davantage sur l’environnement naturel des Seychelles. D’un côté de la plage il y a une route, qui a été à l’origine construite mais qui est maintenant fermée, une caractéristique intéressante supplémentaire d’Anse Fourmis. Dans l’ensemble, Anse Fourmis est une plage familiale et conviviale, parfaite pour ceux qui recherchent le calme et un emplacement de détente au soleil, en dehors des lieux touristiques de La Digue. La mer est déconseillée pour la baignade ou le snorkeling. Mais la plage paradisiaque est tellement belle qu’on s’y rend volontiers pour se détendre sous le soleil tropical.
60$ (La Digue) Un véritable classique est l’excursion en montagne du Nid d’Aigle. Une randonnée de quatre kilomètres, qui remonte au point le plus élevé de l’île (333 mètres), vous permettant ainsi d’être récompensé par une vue sensationnelle sur La Digue et ses îles avoisinnantes. Cela dit, l’ascension ne doit pas être sous-estimée, et il y a peu d’ombre en cours de route. Par conséquent, nous vous recommandons de partir tôt dans la journée.
61$ (La Digue) Le centre de l’île possède sa propre petite réserve naturelle, la réserve naturelle de la Veuve. C’est le terrain de reproduction du Tchitrec des Seychelles – une espèce rare et endémique qui capte immédiatement l’attention grâce à sa couleur bleu foncé. La longue queue noire du mâle a également provoqué le nom “vèv” (veuf) pour l’espèce. Il a été découvert en 1860 sur Praslin, où les oiseaux ont d’abord prévalu, avant d’avoir été trouvés sur Curieuse, Félicité et La Digue. C’est seulement dans les années 1960 que cela est devenu évident à quel point le nombre de ces oiseaux avait rétréci, alors des mesures ont été mises en place pour sauver l’espèce de l’extinction. Pour survivre, les oiseaux ont besoin d’insectes et d’une végétation riche. En raison de la déforestation ou des modifications apportées par la culture des plantes, la décision a été prise de créer un refuge de protection pour les oiseaux. En 1982, la Réserve naturelle de la Veuve, comprenant 21 hectares au sud de La Digue, est née. Il y a plusieurs gardes-forestiers et experts d’oiseaux qui surveillent le développement des oiseaux, en même temps que celui des tortues, des salanganes et des autres espèces d’oiseaux. Dans le centre d’information de l’entrée principale (l’unique agence environnementale de La Digue), vous pouvez trouver des documents au sujet de la nature des Seychelles et demander à un expert de vous guider dans la réserve (inscription préalable exigée). La réserve peut facilement être explorée seul et cela est faisable, avec un infime danger de se perdre. Il y a aussi quelques bancs répartis dans toute la réserve pour que vous puissiez vous reposer et regarder des animaux. Toutefois, il y a un point important à ne pas négliger : la réserve de la Veuve abrite de nombreux moustiques, alors n’oubliez pas d’apporter un chasse-moustiques !
62$ (La Digue) Anse aux Cèdres est située au sud de La Digue et se trouve à environ 30 minutes à pied d’Anse Union. L’association des rochers de granit et des vagues fait de cette plage un beau sujet pour les photographes. Comme beaucoup de plages sur La Digue, Anse aux Cèdres fait aussi partie de l’Union Estate. Tous ceux qui souhaitent pénétrer dans ce parc doivent s'acquitter d’un droit d’entrée de 100 Roupies par personne. Même si la plage est accessible en 30 minutes depuis Anse Union, elle constitue rarement une destination pour une journée à la plage. Anse aux Cèdres est avant tout située sur le chemin du circuit sud que de nombreux tours-opérateurs locaux proposent. De par la présence de coraux et de vagues parfois fortes, Anse aux Cèdres n’est pas adaptée à la baignade et au snorkeling. Toutefois, une école de Surf se tient aux alentours de la Anse aux Cèdres pour les plus téméraires des voyageurs. Constituée d'une équipe professionnelle, excpérimentée, et locale, habituée aux aléas de la mer. Les formations rocheuses, le récif corallien et les cèdres qui ont donné leur nom à l’anse constituent l’un des paysages exceptionnels de La Digue. Les petits arbres partagent la plage en deux parties et sont orientés vers la brise de l’océan. Tôt le matin, il est possible d’observer les gouttes d’eau de mer sur les branches des cèdres. De par son atmosphère unique et naturelle, Anse aux Cèdres vaut certainement un arrêt. Il y a beaucoup de choses à découvrir !
63$ (La Digue) De baie en baie, la randonnée autour du rocher serpente à travers de petites pistes de terre, avant de passer entre un certain nombre de rochers sur sa route. À ce stade, assurez-vous de faire attention, car c’est la partie la plus difficile et épuisante de la randonnée. Certains endroits exigent que vous escaladiez des trous profonds, d’un ou deux mètres de profondeur. Environ une heure plus tard, vous traverserez les derniers arbustes pour atteindre Anse Marron, un lieu désert possédant des eaux cristallines et d’une beauté absolue. Située au sein de formations rocheuses à haute altitude qui protègent la baie, elle ressemble presque à une immense piscine privée. Alors, c’est l’endroit idéal pour se rafraîchir, se baigner pendant un certain temps, et peut-être même essayer de faire un peu de plonger en apnée afin d'y rencontrer les plus beaux spécimens marins que nous offre l'Anse.
